{
	"SECRET_KEY": "sziks3)mhp_*v%(^3d%zk#saewd1)v%-)gf4!z$j$(q%4l-((*",
	"INSTALLED_APPS": [
		"django.contrib.contenttypes",
		"django.contrib.sessions",
		"django.contrib.messages",
		"django.contrib.staticfiles"
	],
	"MIDDLEWARE_CLASSES": [
		"django.contrib.sessions.middleware.SessionMiddleware",
		"django.middleware.common.CommonMiddleware",
		"django.middleware.csrf.CsrfViewMiddleware",
		"django.contrib.messages.middleware.MessageMiddleware",
		"django.middleware.clickjacking.XFrameOptionsMiddleware",
		"django.middleware.security.SecurityMiddleware"
	],
	"TEMPLATES_CONTEXT_PROCESSORS":[
    "django.contrib.auth.context_processors.auth",
    "django.template.context_processors.request",
    "django.template.context_processors.debug",
    "django.template.context_processors.i18n",
    "django.template.context_processors.static",
    "django.template.context_processors.media",
    "django.template.context_processors.tz",
    "django.contrib.messages.context_processors.messages"
],
	"TEMPLATES": [
		{
          "NAME":"django",
			"BACKEND": "django.template.backends.django.DjangoTemplates",
			"APP_DIRS": true,
			"OPTIONS": {
				"context_processors": [
					"django.template.context_processors.debug",
					"django.template.context_processors.request",
					"django.contrib.messages.context_processors.messages"
				]
			}
		}
	],

	"SQLITE3": "db.sqlite3",
	"LANGUAGE_CODE": "en-us",
	"TIME_ZONE": "UTC",
	"USE_I18N": true,
	"USE_L10N": true,
	"USE_TZ": true,
	"STATIC_URL": "static/",
	"ALLOWED_HOSTS": [],
	"DEBUG": true,
	"APPS":[ {
		"HOST":"default",
		"PATH":"apps/app_main"
	},{
		"HOST":"admin",
		"PATH":"apps/admin"
	}],
	"STATICFILES_DIRS": ["apps/static"],
	"STATIC_ROOT": "apps/static",
	"MEMBERSHIP_PROVIDER":"membership_mongo",
	"SESSION_EXPIRE_AT_BROWSER_CLOSE": true,
	"SESSION_COOKIE_AGE": 60000,
	"SESSION_SAVE_EVERY_REQUEST": false,
	"DEBUG_PROPAGATE_EXCEPTIONS": "DEBUG",
	"SESSION_SERIALIZER":"django.contrib.sessions.serializers.PickleSerializer",
	"DEFAULT_LANGUAGE":"vn",
	"DEFAULT_LANGUAGE_ENGINE":"language_mongo",
	"CLIENT_STATIC":"static",
	"SERVER_STATIC":"apps/static",
	"AUTHORIZATION_ENGINE":"authorzation_mongo"
}